MAPPING;FUNCTION;OBJ;WIDTH;REPEATS;RMAX;ALPHA;GEOM_OFF?;TESS_OFF?;X;Y;Z;EXPECTED_RESULT;ACTUAL_RESULT;GRAPHICS_FPS;COMPUTE_FPS;
SPHERICAL;spherical_area;octahedron.1.0.0.0.0.0.0.obj;2048;1000;10000;0;0;0.01;0;0;0;12.5663706144;12.566;2472.9;2907.81
SPHERICAL;spherical_area;wide_triangle.obj;2048;1000;10000;0;0;0.01;0;0;0;0.0826248813482;0.08165;5778.11;2890.88
SPHERICAL;volume;octahedron.1.0.0.0.0.0.0.obj;2048;1000;10000;0;0;0.01;0;0;0;1.33333333332;1.33383;2490.11;2870
SPHERICAL;volume;wide_triangle.obj;2048;1000;10000;0;0;0.01;0;0;0;0;0.000348901;5749.51;2923.48
CUBE;spherical_area;octahedron.1.0.0.0.0.0.0.obj;512;1000;10000;;;;;0;0;0;12.5663706144;12.5663;5753.51;2271.3
CUBE;spherical_area;wide_triangle.obj;512;1000;10000;;;;;0;0;0;0.0826248813482;0.0826243;7884.69;2290.19
CUBE;volume;octahedron.1.0.0.0.0.0.0.obj;512;1000;10000;;;;;0;0;0;1.33333333332;41887.9;5770.04;2233.4
CUBE;volume;wide_triangle.obj;512;1000;10000;;;;;0;0;0;0;16.0849;7893.1;2240.05
