MAPPING;FUNCTION;OBJ;WIDTH;REPEATS;RMAX;ALPHA;GEOM_OFF?;TESS_OFF?;X;Y;Z;EXPECTED_RESULT;ACTUAL_RESULT;GRAPHICS_FPS;COMPUTE_FPS;
SPHERICAL;spherical_area;octahedron.10.0.0.0.0.0.0.obj;2048;1000;10000;0;0;0.01;0;0;0;12.5663706144;12.566;2462.94;2907.35
SPHERICAL;spherical_area;octahedron.1.0.0.0.0.0.0.obj;2048;1000;10000;0;0;0.01;0;0;0;12.5663706144;12.566;2466.31;3001.71
SPHERICAL;spherical_area;wide_triangle.obj;2048;1000;10000;0;0;0.01;0;0;0;0.0826248813482;0.08165;5756.06;2887.54
SPHERICAL;volume;octahedron.10.0.0.0.0.0.0.obj;2048;1000;10000;0;0;0.01;0;0;0;1333.33333332;1333.83;2467.82;2861.48
SPHERICAL;volume;octahedron.1.0.0.0.0.0.0.obj;2048;1000;10000;0;0;0.01;0;0;0;1.33333333332;1.33383;2465.17;2869.73
SPHERICAL;volume;wide_triangle.obj;2048;1000;10000;0;0;0.01;0;0;0;0;0.000348901;5756.65;2844.07
CUBE;spherical_area;octahedron.10.0.0.0.0.0.0.obj;512;1000;10000;;;;;0;0;0;12.5663706144;12.5663;5926;2318.26
CUBE;spherical_area;octahedron.1.0.0.0.0.0.0.obj;512;1000;10000;;;;;0;0;0;12.5663706144;12.5663;5918.88;2271.98
CUBE;spherical_area;wide_triangle.obj;512;1000;10000;;;;;0;0;0;0.0826248813482;0.0826243;8043.95;2246.92
CUBE;volume;octahedron.10.0.0.0.0.0.0.obj;512;1000;10000;;;;;0;0;0;1333.33333332;196.948;5925.43;2240.39
CUBE;volume;octahedron.1.0.0.0.0.0.0.obj;512;1000;10000;;;;;0;0;0;1.33333333332;6.11637;5926.1;2242.72
CUBE;volume;wide_triangle.obj;512;1000;10000;;;;;0;0;0;0;0.0278999;8035.29;2242.97
