MAPPING;FUNCTION;OBJ;WIDTH;REPEATS;RMAX;ALPHA;GEOM_OFF?;TESS_OFF?;X;Y;Z;EXPECTED_RESULT;ACTUAL_RESULT;GRAPHICS_FPS;COMPUTE_FPS;
SPHERICAL;spherical_area;octahedron.10.0.0.0.0.0.0.obj;2048;1000;10000.0;0;0;0.01;0;0;0;12.5663706144;12.566;2455.57;3008.6
SPHERICAL;spherical_area;wide_triangle.obj;2048;1000;10000.0;0;0;0.01;0;0;0;0.0826248813482;0.08165;5772.84;2906.01
SPHERICAL;volume;octahedron.10.0.0.0.0.0.0.obj;2048;1000;10000.0;0;0;0.01;0;0;0;1333.33333332;1333.83;2466.13;2985.42
SPHERICAL;volume;wide_triangle.obj;2048;1000;10000.0;0;0;0.01;0;0;0;0;0.000348901;5774.27;2894.67
CUBE;spherical_area;octahedron.10.0.0.0.0.0.0.obj;512;1000;10000.0;;;;;0;0;0;12.5663706144;12.5663;5928.56;2343.16
CUBE;spherical_area;wide_triangle.obj;512;1000;10000.0;;;;;0;0;0;0.0826248813482;0.0826243;8044.6;2270.83
CUBE;volume;octahedron.10.0.0.0.0.0.0.obj;512;1000;10000.0;;;;;0;0;0;1333.33333332;196.948;5941.52;2273.19
CUBE;volume;wide_triangle.obj;512;1000;10000.0;;;;;0;0;0;0;0.0278999;8036.65;2341.94
