MAPPING;FUNCTION;OBJ;WIDTH;REPEATS;RMAX;GEOM_OFF?;TESS_OFF?;ALPHA;X;Y;Z;EXPECTED_RESULT;ACTUAL_RESULT;GRAPHICS_FPS;COMPUTE_FPS;
SPHERICAL;spherical_area;octahedron.10.0.0.0.0.0.0.obj;2048;1000;10000.0;0;0;0.01;0;0;0;12.5663706144;12.566;2465.05;2884.85
SPHERICAL;spherical_area;wide_triangle.obj;2048;1000;10000.0;0;0;0.01;0;0;0;1.56938261347;1.5667;4954.15;2986.36
SPHERICAL;volume;octahedron.10.0.0.0.0.0.0.obj;2048;1000;10000.0;0;0;0.01;0;0;0;1333.33333332;1333.83;2476.83;2960.95
SPHERICAL;volume;wide_triangle.obj;2048;1000;10000.0;0;0;0.01;0;0;0;0;0.332509;4958.01;2972.99
CUBE;spherical_area;octahedron.10.0.0.0.0.0.0.obj;512;1000;10000.0;;;;;0;0;0;12.5663706144;12.5663;5847.06;2229.41
CUBE;spherical_area;wide_triangle.obj;512;1000;10000.0;;;;;0;0;0;1.56938261347;1.57355;7592.09;2323.56
CUBE;volume;octahedron.10.0.0.0.0.0.0.obj;512;1000;10000.0;;;;;0;0;0;1333.33333332;192.759;5927.96;2265.39
CUBE;volume;wide_triangle.obj;512;1000;10000.0;;;;;0;0;0;0;0.379889;7602.89;2282.3
