MAPPING;FUNCTION;OBJ;WIDTH;REPEATS;RMAX;GEOM_OFF?;TESS_OFF?;ALPHA;X;Y;Z;EXPECTED_RESULT;ACTUAL_RESULT;GRAPHICS_FPS;COMPUTE_FPS;
SPHERICAL;spherical_area;octahedron.100.0.0.0.0.0.0.obj;2048;1000;10000.0;0;0;0.01;0;0;0;12.5663706144;12.566;2463.56;3004.53
SPHERICAL;spherical_area;octahedron.10.0.0.0.0.0.0.obj;2048;1000;10000.0;0;0;0.01;0;0;0;12.5663706144;12.566;2464.47;2889.82
SPHERICAL;spherical_area;octahedron.1.0.0.0.0.0.0.obj;2048;1000;10000.0;0;0;0.01;0;0;0;12.5663706144;12.566;2472.66;2950.71
SPHERICAL;spherical_area;wide_triangle.obj;2048;1000;10000.0;0;0;0.01;0;0;0;1.56938261347;1.5667;4965.64;2906.5
SPHERICAL;volume;octahedron.100.0.0.0.0.0.0.obj;2048;1000;10000.0;0;0;0.01;0;0;0;1333333.33332;1.33383e+06;2470.53;2959.52
SPHERICAL;volume;octahedron.10.0.0.0.0.0.0.obj;2048;1000;10000.0;0;0;0.01;0;0;0;1333.33333332;1333.83;2465.12;2844.29
SPHERICAL;volume;octahedron.1.0.0.0.0.0.0.obj;2048;1000;10000.0;0;0;0.01;0;0;0;1.33333333332;1.33383;2470.27;2864.59
SPHERICAL;volume;wide_triangle.obj;2048;1000;10000.0;0;0;0.01;0;0;0;0;0.332509;4976.63;2980.08
CUBE;spherical_area;octahedron.100.0.0.0.0.0.0.obj;512;1000;10000.0;;;;;0;0;0;12.5663706144;12.5663;5942.41;2263.68
CUBE;spherical_area;octahedron.10.0.0.0.0.0.0.obj;512;1000;10000.0;;;;;0;0;0;12.5663706144;12.5663;5936.55;2251.68
CUBE;spherical_area;octahedron.1.0.0.0.0.0.0.obj;512;1000;10000.0;;;;;0;0;0;12.5663706144;12.5663;5933.73;2256.06
CUBE;spherical_area;wide_triangle.obj;512;1000;10000.0;;;;;0;0;0;1.56938261347;1.57355;7656.32;2261.35
CUBE;volume;octahedron.100.0.0.0.0.0.0.obj;512;1000;10000.0;;;;;0;0;0;1333333.33332;282.413;5935.14;2266.25
CUBE;volume;octahedron.10.0.0.0.0.0.0.obj;512;1000;10000.0;;;;;0;0;0;1333.33333332;28.2413;5940.85;2253.96
CUBE;volume;octahedron.1.0.0.0.0.0.0.obj;512;1000;10000.0;;;;;0;0;0;1.33333333332;2.82413;5943.22;2230.84
CUBE;volume;wide_triangle.obj;512;1000;10000.0;;;;;0;0;0;0;0.442023;7667.07;2273.62
