MAPPING;FUNCTION;OBJ;WIDTH;REPEATS;RMAX;GEOM_OFF?;TESS_OFF?;ALPHA;X;Y;Z;EXPECTED_RESULT;ACTUAL_RESULT;GRAPHICS_FPS;COMPUTE_FPS;
SPHERICAL;spherical_area;octahedron.100.0.0.0.0.0.0.obj;2048;1000;10000.0;0;0;0.01;0;0;0;12.5663706144;12.566;2467.8;2997.11
SPHERICAL;spherical_area;octahedron.10.0.0.0.0.0.0.obj;2048;1000;10000.0;0;0;0.01;0;0;0;12.5663706144;12.566;2469.93;2886.96
SPHERICAL;spherical_area;octahedron.1.0.0.0.0.0.0.obj;2048;1000;10000.0;0;0;0.01;0;0;0;12.5663706144;12.566;2473.23;2901.56
SPHERICAL;spherical_area;wide_triangle.obj;2048;1000;10000.0;0;0;0.01;0;0;0;1.56938261347;1.5667;4959.95;2991.7
SPHERICAL;volume;octahedron.100.0.0.0.0.0.0.obj;2048;1000;10000.0;0;0;0.01;0;0;0;1333333.33332;1.33383e+06;2475.58;2861.07
SPHERICAL;volume;octahedron.10.0.0.0.0.0.0.obj;2048;1000;10000.0;0;0;0.01;0;0;0;1333.33333332;1333.83;2474.56;2856.38
SPHERICAL;volume;octahedron.1.0.0.0.0.0.0.obj;2048;1000;10000.0;0;0;0.01;0;0;0;1.33333333332;1.33383;2476.49;2972.93
SPHERICAL;volume;wide_triangle.obj;2048;1000;10000.0;0;0;0.01;0;0;0;0;0.332509;4956.63;2961.68
CUBE;spherical_area;octahedron.100.0.0.0.0.0.0.obj;512;1000;10000.0;;;;;0;0;0;12.5663706144;12.5663;5898.31;2236.86
CUBE;spherical_area;octahedron.10.0.0.0.0.0.0.obj;512;1000;10000.0;;;;;0;0;0;12.5663706144;12.5663;5901.9;2239.91
CUBE;spherical_area;octahedron.1.0.0.0.0.0.0.obj;512;1000;10000.0;;;;;0;0;0;12.5663706144;12.5663;5904.86;2315.33
CUBE;spherical_area;wide_triangle.obj;512;1000;10000.0;;;;;0;0;0;1.56938261347;1.57355;7633.06;2246.68
CUBE;volume;octahedron.100.0.0.0.0.0.0.obj;512;1000;10000.0;;;;;0;0;0;1333333.33332;1.33332e+06;5924.21;2255.22
CUBE;volume;octahedron.10.0.0.0.0.0.0.obj;512;1000;10000.0;;;;;0;0;0;1333.33333332;1333.32;5899.57;2236.47
CUBE;volume;octahedron.1.0.0.0.0.0.0.obj;512;1000;10000.0;;;;;0;0;0;1.33333333332;1.33332;5892.75;2212.22
CUBE;volume;wide_triangle.obj;512;1000;10000.0;;;;;0;0;0;0;0.333806;7596.88;2273.18
